Issuer,Sector,CUSIP Number,Coupon,Maturity Date,Par Value (US $),Amortized Cost (US $),Notes
ABB FINANCE USA INC,Capital Goods,00037BAB8,2.875,5/8/2022,2000000,2081446,
AFLAC INC,Insurance,001055AM4,3.625,11/15/2024,2000000,2277352,
AIG GLOBAL FUNDING,Insurance,00138CAB4,1.9,10/6/2021,2000000,2035563,
AIG GLOBAL FUNDING,Insurance,00138CAK4,2.3,7/1/2022,3000000,3095833,
AT&T INC,Communications,00206RCN0,3.4,5/15/2025,13500000,14802509,
AT&T INC,Communications,00206RCS9,3.6,2/17/2023,3000000,3208191,
AT&T INC,Communications,00206RDC3,4.45,4/1/2024,2000000,2236622,
AT&T INC,Communications,00206RDV1,3.95,7/15/2021,6000000,6049642,3-month LIBOR +95bps
COMCAST CABLE COMMUNICAT,Communications,00209TAB1,9.455,11/15/2022,6000000,7262468,
ABBOTT LABORATORIES,Consumer Non-Cyclical,002824BA7,2.55,3/15/2022,3000000,3108972,
ABBOTT LABORATORIES,Consumer Non-Cyclical,002824BE9,3.4,11/30/2023,5000000,5447177,
ABBVIE INC,Consumer Non-Cyclical,00287YBL2,2.3,11/21/2022,3000000,3100274,
ABBVIE INC,Consumer Non-Cyclical,00287YCF4,3.45,3/15/2022,5000000,5200481,
ABBVIE INC,Consumer Non-Cyclical,00287YCG2,3.25,10/1/2022,7000000,7340480,
CHUBB INA HOLDINGS INC,Insurance,00440EAS6,3.15,3/15/2025,2000000,2209111,
CHUBB INA HOLDINGS INC,Insurance,00440EAU1,2.875,11/3/2022,3000000,3161087,
ACTIVISION BLIZZARD,Communications,00507VAL3,2.6,6/15/2022,1500000,1557285,
ADOBE INC,Technology,00724PAB5,1.9,2/1/2025,2000000,2113264,
AETNA INC,Insurance,00817YAV0,2.8,6/15/2023,2000000,2104230,
AFFILIATED MANAGERS GROUP,Non-Bank/Insurance Financials,008252AM0,4.25,2/15/2024,1000000,1091519,
AIR LEASE CORP,Non-Bank/Insurance Financials,00912XAZ7,2.5,3/1/2021,2000000,2002976,
AIR LEASE CORP,Non-Bank/Insurance Financials,00912XBA1,3.25,3/1/2025,2000000,1995559,
ALBEMARLE CORP,Basic Industry,012725AC1,4.15,12/1/2024,1000000,1073247,
ALEXANDRIA REAL ESTATE E,REITs,015271AM1,4,1/15/2024,1000000,1105975,
ALLSTATE CORP,Insurance,020002AZ4,3.15,6/15/2023,4000000,4290365,
ALTRIA GROUP INC,Consumer Non-Cyclical,02209SAL7,4.75,5/5/2021,2000000,2074837,
ALTRIA GROUP INC,Consumer Non-Cyclical,02209SAN3,2.85,8/9/2022,2000000,2085515,
ALTRIA GROUP INC,Consumer Non-Cyclical,02209SBA0,3.49,2/14/2022,2000000,2089098,
AMAZON.COM INC,Consumer Cyclical,023135BP0,0.4,6/3/2023,4000000,3994878,
AMEREN CORP,Utilities,023608AH5,2.5,9/15/2024,2500000,2655684,
AMERICAN HONDA FINANCE,Consumer Cyclical,02665WCA7,2.6,11/16/2022,4000000,4174119,
AMERICAN INTL GROUP,Insurance,026874CU9,4.875,6/1/2022,3000000,3239241,
AMERICAN INTL GROUP,Insurance,026874CY1,4.125,2/15/2024,2000000,2228729,
AMERICAN INTL GROUP,Insurance,026874DG9,3.3,3/1/2021,4000000,4069357,
AMERICAN TOWER CORP,Communications,03027XAA8,4.7,3/15/2022,3000000,3207367,
AMERICAN TOWER CORP,Communications,03027XAD2,5,2/15/2024,2000000,2279510,
AMERICAN WATER CAPITAL C,Utilities,03040WAK1,3.85,3/1/2024,1000000,1109440,
AMERISOURCEBERGEN CORP,Consumer Non-Cyclical,03073EAM7,3.25,3/1/2025,2000000,2182841,
AMGEN INC,Consumer Non-Cyclical,031162BV1,3.625,5/22/2024,3500000,3840479,
AMGEN INC,Consumer Non-Cyclical,031162CH1,2.25,8/19/2023,1500000,1571933,
ANALOG DEVICES INC,Technology,032654AL9,2.5,12/5/2021,3000000,3072977,
ANHEUSER-BUSCH INBEV WOR,Consumer Non-Cyclical,03523TBB3,4.375,2/15/2021,2000000,2050416,
ANHEUSER-BUSCH INBEV WOR,Consumer Non-Cyclical,03523TBX5,4.15,1/23/2025,6000000,6809191,
ANHEUSER-BUSCH INBEV FIN,Consumer Non-Cyclical,035242AL0,3.3,2/1/2023,3000000,3185443,
ANHEUSER-BUSCH INBEV FIN,Consumer Non-Cyclical,03524BAE6,3.7,2/1/2024,7000000,7692916,
ANTHEM INC,Insurance,036752AF0,2.95,12/1/2022,5000000,5269323,
AON CORP,Insurance,037389BD4,2.2,11/15/2022,4500000,4668475,
APACHE CORP,Energy,037411AZ8,3.25,4/15/2022,3000000,2906556,
APOLLO MANAGEMENT HOLDIN,Non-Bank/Insurance Financials,03765HAA9,4,5/30/2024,2000000,2179012,
APPALACHIAN POWER CO,Utilities,037735CU9,3.4,6/1/2025,2000000,2201656,
APPLE INC,Technology,037833AR1,2.85,5/6/2021,5000000,5107725,
APPLE INC,Technology,037833CG3,3,2/9/2024,2000000,2163604,
APPLE INC,Technology,037833CM0,2.5,2/9/2022,3000000,3098302,
APPLE INC,Technology,037833DT4,1.125,5/11/2025,3000000,3051137,
APPLE INC,Technology,037833DV9,0.75,5/11/2023,12000000,12091972,
VEREIT OPERATING PARTNER,REITs,03879QAF1,4.6,2/6/2024,1500000,1596965,
ARES CAPITAL CORP,Non-Bank/Insurance Financials,04010LAX1,4.2,6/10/2024,2500000,2559510,
AUTOZONE INC,Consumer Cyclical,053332AY8,3.625,4/15/2025,3000000,3350295,
AVALONBAY COMMUNITIES,REITs,05348EAQ2,2.95,9/15/2022,1000000,1045933,
AVALONBAY COMMUNITIES,REITs,05348EAV1,3.45,6/1/2025,2000000,2230848,
AVANGRID INC,Utilities,05351WAA1,3.15,12/1/2024,1000000,1084038,
AVANGRID INC,Utilities,05351WAC7,3.2,4/15/2025,5000000,5452716,
AVIATION CAPITAL GROUP,Non-Bank/Insurance Financials,05367AAJ2,2.875,1/20/2022,2000000,1903466,
BAE SYSTEMS HOLDINGS INC,Capital Goods,05523UAK6,3.8,10/7/2024,1000000,1102022,
BAT CAPITAL CORP,Consumer Non-Cyclical,05526DAV7,2.764,8/15/2022,4000000,4142442,
BAT CAPITAL CORP,Consumer Non-Cyclical,05526DAZ8,3.222,8/15/2024,4000000,4277978,
BMW US CAPITAL LLC,Consumer Cyclical,05565EAF2,2,4/11/2021,2000000,2020763,
BMW US CAPITAL LLC,Consumer Cyclical,05565EAU9,3.1,4/12/2021,4000000,4076585,
BMW US CAPITAL LLC,Consumer Cyclical,05565EBK0,3.9,4/9/2025,2000000,2223457,
BMW US CAPITAL LLC,Consumer Cyclical,05565EBM6,3.8,4/6/2023,8000000,8601585,
BAYER US FINANCE LLC,Consumer Non-Cyclical,07274EAG8,3.375,10/8/2024,10000000,10907732,
BAYER US FINANCE II LLC,Consumer Non-Cyclical,07274NAA1,3.5,6/25/2021,2000000,2052489,
BAYER US FINANCE II LLC,Consumer Non-Cyclical,07274NAE3,3.875,12/15/2023,2000000,2190144,
BECTON DICKINSON AND CO,Consumer Non-Cyclical,075887BT5,2.894,6/6/2022,3500000,3627389,
BECTON DICKINSON AND CO,Consumer Non-Cyclical,075887BV0,3.363,6/6/2024,2500000,2704605,
BERKSHIRE HATHAWAY ENERG,Utilities,084659AS0,4.05,4/15/2025,10000000,11426194,
BERKSHIRE HATHAWAY FIN,Insurance,084664BT7,3,5/15/2022,3000000,3146983,
BERKSHIRE HATHAWAY INC,Insurance,084670BQ0,2.2,3/15/2021,3000000,3036362,
BEST BUY CO INC,Consumer Cyclical,086516AL5,5.5,3/15/2021,1000000,1022175,
BLACK HILLS CORP,Utilities,092113AH2,4.25,11/30/2023,1000000,1093762,
BOEING CO,Capital Goods,097023CS2,4.508,5/1/2023,3000000,3184216,
BOEING CO,Capital Goods,097023CT0,4.875,5/1/2025,4000000,4418908,
BOOKING HOLDINGS INC,Consumer Cyclical,09857LAP3,4.1,4/13/2025,4000000,4487501,
BOSTON PROPERTIES LP,REITs,10112RAU8,3.85,2/1/2023,3000000,3217007,
BOSTON SCIENTIFIC CORP,Consumer Non-Cyclical,101137AZ0,1.9,6/1/2025,2500000,2577896,
BP CAP MARKETS AMERICA,Energy,10373QAG5,4.742,3/11/2021,2000000,2061538,
BP CAP MARKETS AMERICA,Energy,10373QAJ9,3.245,5/6/2022,2000000,2097698,
BP CAP MARKETS AMERICA,Energy,10373QAU4,2.112,9/16/2021,3000000,3056066,
BP CAP MARKETS AMERICA,Energy,10373QBH2,2.937,4/6/2023,2000000,2121136,
BP CAP MARKETS AMERICA,Energy,10373QBJ8,3.194,4/6/2025,3000000,3277827,
BRISTOL-MYERS SQUIBB CO,Consumer Non-Cyclical,110122BL1,4,8/15/2023,3000000,3311507,
BRISTOL-MYERS SQUIBB CO,Consumer Non-Cyclical,110122BM9,3.625,5/15/2024,3000000,3303842,
BRISTOL-MYERS SQUIBB CO,Consumer Non-Cyclical,110122BZ0,2.9,7/26/2024,4000000,4326981,
BRIXMOR OPERATING PART,REITs,11120VAF0,3.65,6/15/2024,1000000,1039248,
BROADCOM INC,Technology,11135FAA9,3.125,4/15/2021,2000000,2033133,
BROADCOM INC,Technology,11135FAF8,4.7,4/15/2025,4000000,4523997,
BROADCOM INC,Technology,11135FAU5,2.25,11/15/2023,2000000,2067181,
BROWN-FORMAN CORP,Consumer Non-Cyclical,115637AS9,3.5,4/15/2025,1500000,1684993,
BURLINGTN NORTH SANTA FE,Transportation,12189LAH4,3.05,3/15/2022,2000000,2080505,
BURLINGTN NORTH SANTA FE,Transportation,12189LAT8,3.4,9/1/2024,4000000,4408469,
VIACOMCBS INC,Communications,124857AY9,2.9,6/1/2023,2000000,2104995,
CIGNA CORP,Consumer Non-Cyclical,125523AF7,3.75,7/15/2023,11000000,11943925,
CME GROUP INC,Non-Bank/Insurance Financials,12572QAG0,3,3/15/2025,2500000,2764247,
CNH INDUSTRIAL CAP LLC,Capital Goods,12592BAF1,4.875,4/1/2021,1000000,1028768,
CNH INDUSTRIAL CAP LLC,Capital Goods,12592BAJ3,4.2,1/15/2024,2000000,2133260,
CSX CORP,Transportation,126408HB2,3.4,8/1/2024,3000000,3302090,
CVS HEALTH CORP,Consumer Non-Cyclical,126650CV0,3.7,3/9/2023,7000000,7525477,
CVS HEALTH CORP,Consumer Non-Cyclical,126650CW8,4.1,3/25/2025,3000000,3379955,
CVS HEALTH CORP,Consumer Non-Cyclical,126650DC1,3.35,3/9/2021,3000000,3061466,
CAMDEN PROPERTY TRUST,REITs,133131AS1,4.875,6/15/2023,1000000,1104895,
CAMPBELL SOUP CO,Consumer Non-Cyclical,134429BF5,3.95,3/15/2025,2500000,2819466,
CANTOR FITZGERALD LP,Non-Bank/Insurance Financials,138616AE7,4.875,5/1/2024,1000000,1081942,
CARGILL INC,Consumer Non-Cyclical,141781BL7,1.375,7/23/2023,4000000,4068945,
CARRIER GLOBAL CORP,Capital Goods,14448CAD6,1.923,2/15/2023,2000000,2039138,
CARRIER GLOBAL CORP,Capital Goods,14448CAF1,2.242,2/15/2025,3000000,3063747,
CATERPILLAR FINL SERVICE,Capital Goods,14913Q3A5,1.9,9/6/2022,3000000,3086276,
CATERPILLAR FINL SERVICE,Capital Goods,14913R2B2,0.95,5/13/2022,5000000,5039996,
CELANESE US HOLDINGS LLC,Basic Industry,15089QAJ3,3.5,5/8/2024,1500000,1591069,
CENTERPOINT ENERGY INC,Utilities,15189TAT4,3.6,11/1/2021,3000000,3115313,
CENTERPOINT ENERGY INC,Utilities,15189TAW7,2.5,9/1/2024,2000000,2113667,
CENTERPOINT ENER HOUSTON,Utilities,15189XAP3,1.85,6/1/2021,2000000,2026541,
CHEVRON CORP,Energy,166764BG4,2.1,5/16/2021,3500000,3555073,
CHEVRON CORP,Energy,166764BV1,1.141,5/11/2023,4000000,4068056,
CHEVRON CORP,Energy,166764BW9,1.554,5/11/2025,1500000,1546707,
CIMAREX ENERGY CO,Energy,171798AC5,4.375,6/1/2024,1000000,1059473,
CINTAS CORPORATION NO. 2,Consumer Cyclical,17252MAM2,2.9,4/1/2022,1500000,1559960,
CISCO SYSTEMS INC,Technology,17275RAV4,3,6/15/2022,2000000,2104888,
CISCO SYSTEMS INC,Technology,17275RBH4,2.2,9/20/2023,2000000,2108458,
TAPESTRY INC,Consumer Cyclical,189754AA2,4.25,4/1/2025,1000000,979934,
COCA-COLA CO/THE,Consumer Non-Cyclical,191216CN8,2.95,3/25/2025,6000000,6607481,
COLUMBIA PIPELINE GROUP,Energy,198280AF6,4.5,6/1/2025,3000000,3424093,
COMCAST CORP,Communications,20030NBR1,2.75,3/1/2023,3000000,3170781,
COMCAST CORP,Communications,20030NBX8,3,2/1/2024,5000000,5388890,
COMCAST CORP,Communications,20030NCR0,3.7,4/15/2024,5000000,5527205,
COMCAST CORP,Communications,20030NDJ7,3.1,4/1/2025,7000000,7696621,
CONAGRA BRANDS INC,Consumer Non-Cyclical,205887CA8,4.3,5/1/2024,2000000,2214343,
CONNECTICUT LIGHT & PWR,Utilities,207597EF8,2.5,1/15/2023,2000000,2084509,
CONOCOPHILLIPS COMPANY,Energy,20826FAA4,2.4,12/15/2022,2000000,2088753,
CON EDISON CO OF NY INC,Utilities,209111FR9,3.4,6/25/2021,3500000,3510808,3-month LIBOR +40bps
CONSOLIDATED EDISON INC,Utilities,209115AC8,2,5/15/2021,2000000,2024213,
CONSTELLATION BRANDS INC,Consumer Non-Cyclical,21036PAW8,2.65,11/7/2022,5000000,5225641,
CONSTELLATION BRANDS INC,Consumer Non-Cyclical,21036PAX6,3.2,2/15/2023,3000000,3185846,
CONSUMERS ENERGY CO,Utilities,210518CT1,2.85,5/15/2022,1000000,1040812,
CONTINENTAL RESOURCES,Energy,212015AH4,5,9/15/2022,2500000,2471823,
COSTCO WHOLESALE CORP,Consumer Cyclical,22160KAK1,2.3,5/18/2022,3000000,3107066,
COSTCO WHOLESALE CORP,Consumer Cyclical,22160KAL9,2.75,5/18/2024,1000000,1082721,
COX COMMUNICATIONS INC,Communications,224044CA3,2.95,6/30/2023,3000000,3156823,
CROWN CASTLE INTL CORP,Communications,228227BD5,5.25,1/15/2023,2000000,2222490,
CYRUSONE LP/CYRUSONE FIN,REITs,23283PAQ7,2.9,11/15/2024,1000000,1050966,
DTE ENERGY CO,Utilities,233331BE6,2.25,11/1/2022,3000000,3102492,
DTE ELECTRIC CO,Utilities,23338VAC0,3.375,3/1/2025,3000000,3340983,
DAIMLER FINANCE NA LLC,Consumer Cyclical,233851CK8,2.2,10/30/2021,2000000,2025408,
DAIMLER FINANCE NA LLC,Consumer Cyclical,233851CZ5,2.3,2/12/2021,8000000,8056491,
DAIMLER FINANCE NA LLC,Consumer Cyclical,233851DN1,3.75,11/5/2021,3000000,3104221,
DAIMLER FINANCE NA LLC,Consumer Cyclical,233851DU5,2.55,8/15/2022,3000000,3082243,
DAIMLER FINANCE NA LLC,Consumer Cyclical,233851DY7,1.75,3/10/2023,5000000,5063706,
DELMARVA PWR & LIGHT CO,Utilities,247109BS9,3.5,11/15/2023,4000000,4366574,
DELTA AIR LINES INC,Transportation,247361ZJ0,3.625,3/15/2022,3000000,2902409,
DIAGEO INVESTMENT CORP,Consumer Non-Cyclical,25245BAB3,2.875,5/11/2022,4000000,4173101,
DIAMONDBACK ENERGY INC,Energy,25278XAL3,2.875,12/1/2024,3000000,3003543,
WALT DISNEY COMPANY/THE,Communications,254687CK0,4.5,2/15/2021,3000000,3078419,
WALT DISNEY COMPANY/THE,Communications,254687CM6,3,9/15/2022,2000000,2110278,
WALT DISNEY COMPANY/THE,Communications,254687FJ0,1.65,9/1/2022,4000000,4089928,
WALT DISNEY COMPANY/THE,Communications,254687FN1,3.35,3/24/2025,5000000,5542311,
DISCOVERY COMMUNICATIONS,Communications,25470DAQ2,2.95,3/20/2023,1000000,1052578,
DOLLAR GENERAL CORP,Consumer Cyclical,256677AC9,3.25,4/15/2023,2000000,2127060,
DOLLAR TREE INC,Consumer Cyclical,256746AF5,3.7,5/15/2023,3000000,3235676,
DOMINION ENERGY GAS HLDG,Energy,257375AN5,2.5,11/15/2024,3000000,3173293,
DOMINION ENERGY INC,Utilities,25746UCJ6,2,8/15/2021,2000000,2029929,
DOW CHEMICAL CO/THE,Basic Industry,260543CJ0,3.5,10/1/2024,6000000,6453365,
DOW CHEMICAL CO/THE,Basic Industry,260543CT8,3.15,5/15/2024,3000000,3193188,
DUPONT DE NEMOURS INC,Basic Industry,26078JAB6,4.205,11/15/2023,3000000,3293506,
DUKE ENERGY CORP,Utilities,26441CAL9,3.95,10/15/2023,3000000,3288604,
DUKE ENERGY CORP,Utilities,26441CAN5,3.75,4/15/2024,1500000,1652334,
DUKE ENERGY CORP,Utilities,26441CAW5,2.4,8/15/2022,2000000,2077303,
DUKE ENERGY CAROLINAS,Utilities,26442CAK0,3.9,6/15/2021,2000000,2052404,
DUKE ENERGY CAROLINAS,Utilities,26442CAW4,3.35,5/15/2022,5000000,5274015,
DUPONT DE NEMOURS INC,Basic Industry,26614NAA0,2.169,5/1/2023,7000000,7145559,
EOG RESOURCES INC,Energy,26875PAK7,2.625,3/15/2023,3000000,3142631,
ERP OPERATING LP,REITs,26884AAZ6,4.625,12/15/2021,1000000,1048020,
EASTMAN CHEMICAL CO,Basic Industry,277432AN0,3.6,8/15/2022,4000000,4185671,
EATON CORP,Capital Goods,278062AC8,2.75,11/2/2022,1000000,1052718,
EBAY INC,Consumer Cyclical,278642AN3,3.8,3/9/2022,2000000,2100592,
EBAY INC,Consumer Cyclical,278642AV5,1.9,3/11/2025,3000000,3106678,
ECOLAB INC,Basic Industry,278865AL4,4.35,12/8/2021,3500000,3702411,
EDISON INTERNATIONAL,Utilities,281020AQ0,3.55,11/15/2024,2500000,2641852,
KINDER MORGAN ENER PART,Energy,28370TAG4,4.3,5/1/2024,2000000,2196090,
ELECTRONIC ARTS INC,Communications,285512AC3,3.7,3/1/2021,1000000,1019893,
EMERSON ELECTRIC CO,Capital Goods,291011BG8,3.15,6/1/2025,2000000,2221335,
EMERA US FINANCE LP,Utilities,29103DAF3,2.7,6/15/2021,2000000,2038142,
ENABLE MIDSTREAM PARTNER,Energy,292480AH3,3.9,5/15/2024,1000000,981883,
OVINTIV INC,Energy,292505AJ3,3.9,11/15/2021,3500000,3490231,
ENERGY TRANSFER OPERATNG,Energy,29273RAN9,4.65,6/1/2021,1000000,1021058,
ENERGY TRANSFER OPERATNG,Energy,29273RAS8,3.6,2/1/2023,4000000,4156387,
ENERGY TRANSFER OPERATNG,Energy,29278NAH6,4.5,4/15/2024,4000000,4321963,
ENERGY TRANSFER OPERATNG,Energy,29278NAM5,5.875,1/15/2024,4500000,5038583,
ENTERGY CORP,Utilities,29364GAH6,4,7/15/2022,3500000,3712379,
ENTERPRISE PRODUCTS OPER,Energy,29379VAZ6,3.35,3/15/2023,5000000,5319345,
ENTERPRISE PRODUCTS OPER,Energy,29379VBS1,3.5,2/1/2022,3000000,3129077,
EQUIFAX INC,Technology,294429AQ8,2.6,12/1/2024,2000000,2124458,
EQUINIX INC,Technology,29444UBC9,2.625,11/18/2024,2000000,2131940,
REGENCY CENTERS CORP,REITs,294752AH3,3.75,11/15/2022,1000000,1049584,
ESSEX PORTFOLIO LP,REITs,29717PAN7,3.875,5/1/2024,3000000,3278614,
ESTEE LAUDER CO INC,Consumer Non-Cyclical,29736RAN0,2,12/1/2024,3000000,3177166,
EVERGY INC,Utilities,30034WAA4,2.45,9/15/2024,2000000,2112094,
EVERSOURCE ENERGY,Utilities,30040WAC2,2.75,3/15/2022,2500000,2593007,
EVERSOURCE ENERGY,Utilities,30040WAD0,2.9,10/1/2024,2500000,2682806,
EXELON GENERATION CO LLC,Utilities,30161MAR4,3.4,3/15/2022,2000000,2079119,
EXELON GENERATION CO LLC,Utilities,30161MAS2,3.25,6/1/2025,3000000,3240372,
EXPEDIA GROUP INC,Consumer Cyclical,30212PAU9,7,5/1/2025,3000000,3222916,
EXXON MOBIL CORPORATION,Energy,30231GBB7,1.902,8/16/2022,4000000,4117529,
EXXON MOBIL CORPORATION,Energy,30231GBC5,2.019,8/16/2024,2500000,2619556,
EXXON MOBIL CORPORATION,Energy,30231GBL5,1.571,4/15/2023,2500000,2566336,
FS KKR CAPITAL CORP,Non-Bank/Insurance Financials,302635AE7,4.125,2/1/2025,2500000,2450517,
FEDEX CORP,Transportation,31428XAS5,2.625,8/1/2022,5000000,5207079,
FEDEX CORP,Transportation,31428XBY1,3.8,5/15/2025,3000000,3335771,
FIDELITY NATIONAL INFORM,Technology,31620MAK2,3.5,4/15/2023,2000000,2143123,
FISERV INC,Technology,337738AQ1,3.8,10/1/2023,4000000,4375935,
FIRSTENERGY CORP,Utilities,337932AF4,4.25,3/15/2023,2500000,2706247,
FIRSTENERGY CORP,Utilities,337932AG2,2.85,7/15/2022,2000000,2076588,
FIVE CORNERS FUNDING TRS,Insurance,33829TAA4,4.419,11/15/2023,2000000,2228297,
FLORIDA POWER & LIGHT CO,Utilities,341081FZ5,2.85,4/1/2025,5000000,5471107,
FLUOR CORP,Consumer Cyclical,343412AC6,3.5,12/15/2024,1000000,864374,
FORD MOTOR COMPANY,Consumer Cyclical,345370CV0,8.5,4/21/2023,9500000,10147444,
FORD MOTOR CREDIT CO LLC,Consumer Cyclical,345397A29,3.087,1/9/2023,4000000,3825304,
FORD MOTOR CREDIT CO LLC,Consumer Cyclical,345397VU4,5.875,8/2/2021,3000000,3058118,
FORD MOTOR CREDIT CO LLC,Consumer Cyclical,345397XQ1,3.2,1/15/2021,3000000,2980718,
FORD MOTOR CREDIT CO LLC,Consumer Cyclical,345397XW8,3.336,3/18/2021,3000000,2977299,
FORD MOTOR CREDIT CO LLC,Consumer Cyclical,345397ZM8,5.596,1/7/2022,2000000,2024365,
FORTIVE CORPORATION,Capital Goods,34959JAF5,2.35,6/15/2021,1000000,1013801,
FORTUNE BRANDS HOME & SE,Capital Goods,34964CAC0,4,9/21/2023,1500000,1641976,
FOX CORP,Communications,35137LAG0,4.03,1/25/2024,4000000,4440900,
FRANKLIN RESOURCES INC,Non-Bank/Insurance Financials,354613AK7,2.85,3/30/2025,1000000,1087359,
GENERAL DYNAMICS CORP,Capital Goods,369550BK3,3.25,4/1/2025,3000000,3327915,
GENERAL ELECTRIC CO,Capital Goods,369604BD4,2.7,10/9/2022,2500000,2598670,
GENERAL ELECTRIC CO,Capital Goods,369604BG7,3.375,3/11/2024,2000000,2126394,
GENERAL ELECTRIC CO,Capital Goods,36962G4Y7,4.625,1/7/2021,2500000,2548357,
GENERAL ELECTRIC CO,Capital Goods,36962G5J9,4.65,10/17/2021,5000000,5234791,
GENERAL ELECTRIC CO,Capital Goods,36962G6F6,3.15,9/7/2022,7000000,7304410,
GENERAL ELECTRIC CO,Capital Goods,36966THT2,4,3/15/2023,5000000,4899229,3-month LIBOR +100bps
GENERAL MILLS INC,Consumer Non-Cyclical,370334CE2,3.7,10/17/2023,4000000,4367310,
GENERAL MILLS INC,Consumer Non-Cyclical,370334CF9,4,4/17/2025,1000000,1131126,
GENERAL MOTORS FINL CO,Consumer Cyclical,37045XBF2,4.2,3/1/2021,4000000,4053094,
GENERAL MOTORS FINL CO,Consumer Cyclical,37045XBK1,3.7,5/9/2023,4000000,4136165,
GENERAL MOTORS FINL CO,Consumer Cyclical,37045XBM7,3.2,7/6/2021,2000000,2026295,
GENERAL MOTORS FINL CO,Consumer Cyclical,37045XBS4,3.45,1/14/2022,1000000,1017379,
GENERAL MOTORS FINL CO,Consumer Cyclical,37045XBY1,3.15,6/30/2022,3000000,3051037,
GENERAL MOTORS FINL CO,Consumer Cyclical,37045XCW4,5.2,3/20/2023,2000000,2145206,
GEORGIA POWER CO,Utilities,373334KF7,2.4,4/1/2021,3000000,3043432,
GEORGIA POWER CO,Utilities,373334KM2,2.1,7/30/2023,4000000,4170007,
GILEAD SCIENCES INC,Consumer Non-Cyclical,375558BC6,3.25,9/1/2022,5000000,5278486,
GLAXOSMITHKLINE CAP INC,Consumer Non-Cyclical,377372AL1,3.375,5/15/2023,5000000,5392023,
GLAXOSMITHKLINE CAP INC,Consumer Non-Cyclical,377372AM9,3.625,5/15/2025,5000000,5652701,
GLENCORE FUNDING LLC,Basic Industry,378272AF5,4.125,5/30/2023,1000000,1069353,
GLENCORE FUNDING LLC,Basic Industry,378272AT5,4.125,3/12/2024,2000000,2161713,
GLOBAL PAYMENTS INC,Technology,37940XAA0,2.65,2/15/2025,2500000,2664243,
WW GRAINGER INC,Capital Goods,384802AE4,1.85,2/15/2025,1000000,1045939,
GUARDIAN LIFE GLOB FUND,Insurance,40139LAC7,1.95,10/27/2021,1000000,1021342,
HEALTHPEAK PROPERTIES,REITs,40414LAL3,3.875,8/15/2024,4000000,4413305,
HALLIBURTON CO,Energy,406216AZ4,3.25,11/15/2021,3500000,3576601,
HALLIBURTON CO,Energy,406216BD2,3.5,8/1/2023,2500000,2636722,
HASBRO INC,Consumer Non-Cyclical,418056AW7,2.6,11/19/2022,2000000,2069510,
WELLTOWER INC,REITs,42217KBC9,4.5,1/15/2024,2000000,2190596,
HERSHEY COMPANY,Consumer Non-Cyclical,427866BF4,0.9,6/1/2025,2500000,2520748,
HESS CORP,Energy,42809HAF4,3.5,7/15/2024,1000000,1016794,
HP INC,Technology,428236BX0,4.05,9/15/2022,3000000,3213699,
HP ENTERPRISE CO,Technology,42824CBE8,2.25,4/1/2023,4000000,4122756,
HOME DEPOT INC,Consumer Cyclical,437076AZ5,2.7,4/1/2023,2000000,2113708,
HOME DEPOT INC,Consumer Cyclical,437076BG6,2.625,6/1/2022,2500000,2608889,
HONEYWELL INTERNATIONAL,Capital Goods,438516CB0,1.35,6/1/2025,3000000,3068872,
SERVICE PROPERTIES TRUST,REITs,44106MAZ5,4.35,10/1/2024,3000000,2786144,
HOST HOTELS & RESORTS LP,REITs,44107TAX4,3.875,4/1/2024,1500000,1543320,
HUMANA INC,Insurance,444859BM3,4.5,4/1/2025,3500000,4012804,
HYATT HOTELS CORP,Consumer Cyclical,448579AH5,5.375,4/23/2025,1000000,1081493,
HYUNDAI CAPITAL AMERICA,Consumer Cyclical,44891ABK2,5.875,4/7/2025,3000000,3409305,
IBM CREDIT LLC,Technology,44932HAM5,3.6,11/30/2021,3000000,3137056,
ILLINOIS TOOL WORKS INC,Capital Goods,452308AT6,3.5,3/1/2024,5000000,5483718,
INGERSOLL-RAND GL HLD CO,Capital Goods,45687AAJ1,4.25,6/15/2023,1000000,1103630,
INTEL CORP,Technology,458140AM2,2.7,12/15/2022,3000000,3170645,
INTEL CORP,Technology,458140AW0,1.7,5/19/2021,2000000,2023997,
INTERCONTINENTALEXCHANGE,Non-Bank/Insurance Financials,45866FAA2,4,10/15/2023,4000000,4429172,
IBM CORP,Technology,459200JX0,2.85,5/13/2022,3000000,3133031,
IBM CORP,Technology,459200JY8,3,5/15/2024,7000000,7574501,
INTL LEASE FINANCE CORP,Non-Bank/Insurance Financials,459745GQ2,4.625,4/15/2021,1000000,1012447,
INTERNATIONAL PAPER CO,Basic Industry,460146CJ0,3.65,6/15/2024,1000000,1103639,
INTERPUBLIC GROUP COS,Communications,460690BN9,3.75,10/1/2021,1000000,1038184,
JACKSON NATL LIFE GLOBAL,Insurance,46849LTE1,3.3,2/1/2022,2000000,2079124,
JOHNSON & JOHNSON,Consumer Non-Cyclical,478160CD4,2.25,3/3/2022,2500000,2578875,
JOHNSON & JOHNSON,Consumer Non-Cyclical,478160CJ1,2.625,1/15/2025,2500000,2718874,
JUNIPER NETWORKS INC,Technology,48203RAG9,4.5,3/15/2024,1000000,1114933,
KLA CORP,Technology,482480AE0,4.65,11/1/2024,1500000,1715049,
KELLOGG CO,Consumer Non-Cyclical,487836BD9,4,12/15/2020,2000000,2032242,
KEURIG DR PEPPER INC,Consumer Non-Cyclical,49271VAE0,3.551,5/25/2021,2000000,2056260,
KINDER MORGAN ENER PART,Energy,494550BL9,3.95,9/1/2022,2000000,2112721,
KINDER MORGAN INC,Energy,49456BAF8,4.3,6/1/2025,3000000,3383734,
KOHL'S CORPORATION,Consumer Cyclical,500255AW4,9.5,5/15/2025,1000000,1154162,
KROGER CO,Consumer Non-Cyclical,501044CY5,4,2/1/2024,4000000,4424080,
KROGER CO,Consumer Non-Cyclical,501044DH1,2.8,8/1/2022,4000000,4187151,
L3HARRIS TECH INC,Capital Goods,502431AJ8,3.85,6/15/2023,1000000,1084375,
LYB INT FINANCE III,Basic Industry,50249AAB9,2.875,5/1/2025,3000000,3189871,
LABORATORY CORP OF AMER,Consumer Non-Cyclical,50540RAT9,3.25,9/1/2024,4000000,4330515,
LAS VEGAS SANDS CORP,Consumer Cyclical,517834AG2,3.2,8/8/2024,6000000,5994138,
LEIDOS INC,Technology,52532XAA3,2.95,5/15/2023,2000000,2083085,
JEFFERIES FIN GROUP INC,Non-Bank/Insurance Financials,527288BE3,5.5,10/18/2023,2000000,2176120,
ELI LILLY & CO,Consumer Non-Cyclical,532457BH0,2.75,6/1/2025,3000000,3302519,
LINCOLN NATIONAL CORP,Insurance,534187BC2,4.2,3/15/2022,1000000,1056919,
LOCKHEED MARTIN CORP,Capital Goods,539830BE8,2.9,3/1/2025,1500000,1645995,
LOCKHEED MARTIN CORP,Capital Goods,539830BG3,3.1,1/15/2023,1500000,1594449,
LOWE'S COS INC,Consumer Cyclical,548661CW5,3.12,4/15/2022,2500000,2600863,
LOWE'S COS INC,Consumer Cyclical,548661DT1,4,4/15/2025,2500000,2850130,
MAIN STREET CAPITAL CORP,Non-Bank/Insurance Financials,56035LAD6,5.2,5/1/2024,1000000,1036836,
MARATHON OIL CORP,Energy,565849AK2,2.8,11/1/2022,1000000,1002474,
MARATHON PETROLEUM CORP,Energy,56585ABG6,4.5,5/1/2023,2500000,2696286,
MARATHON PETROLEUM CORP,Energy,56585ABH4,4.7,5/1/2025,2500000,2809527,
MARSH & MCLENNAN COS INC,Insurance,571748BB7,2.75,1/30/2022,3000000,3098662,
MARSH & MCLENNAN COS INC,Insurance,571748BF8,3.875,3/15/2024,4000000,4428416,
MARRIOTT INTERNATIONAL,Consumer Cyclical,571903AR4,2.3,1/15/2022,2000000,2014819,
MARRIOTT INTERNATIONAL,Consumer Cyclical,571903BD4,5.75,5/1/2025,3000000,3349994,
MASSMUTUAL GLOBAL FUNDIN,Insurance,57629WCD0,2.5,4/13/2022,2000000,2076127,
MASTERCARD INC,Consumer Cyclical,57636QAB0,3.375,4/1/2024,2000000,2210774,
MASTERCARD INC,Consumer Cyclical,57636QAN4,2,3/3/2025,3000000,3184670,
MCCORMICK & CO,Consumer Non-Cyclical,579780AL1,2.7,8/15/2022,2500000,2601353,
MCDONALD'S CORP,Consumer Cyclical,58013MEM2,2.625,1/15/2022,3000000,3097810,
MCDONALD'S CORP,Consumer Cyclical,58013MEU4,3.375,5/26/2025,3000000,3346494,
MEDTRONIC INC,Consumer Non-Cyclical,585055BR6,3.15,3/15/2022,2000000,2091923,
MEDTRONIC INC,Consumer Non-Cyclical,585055BS4,3.5,3/15/2025,4000000,4508484,
MERCK & CO INC,Consumer Non-Cyclical,589331AT4,2.4,9/15/2022,3000000,3115960,
MERCK & CO INC,Consumer Non-Cyclical,58933YAF2,2.8,5/18/2023,3000000,3194329,
MERCK & CO INC,Consumer Non-Cyclical,58933YAQ8,2.35,2/10/2022,3000000,3094416,
MERCK & CO INC,Consumer Non-Cyclical,58933YAR6,2.75,2/10/2025,3000000,3250816,
METLIFE INC,Insurance,59156RBF4,3.048,12/15/2022,5000000,5302066,
METLIFE INC,Insurance,59156RBH0,3.6,4/10/2024,2000000,2207750,
METLIFE INC,Insurance,59156RBM9,3,3/1/2025,1000000,1100425,
MET LIFE GLOB FUNDING I,Insurance,59217GCL1,2.4,1/8/2021,2000000,2022760,
MET LIFE GLOB FUNDING I,Insurance,59217GCR8,3.45,10/9/2021,2000000,2072924,
MET LIFE GLOB FUNDING I,Insurance,59217GCS6,3.375,1/11/2022,5000000,5227442,
MET LIFE GLOB FUNDING I,Insurance,59217GCT4,3.6,1/11/2024,2000000,2189434,
MET LIFE GLOB FUNDING I,Insurance,59217GEE5,1.95,1/13/2023,2500000,2583446,
MICROSOFT CORP,Technology,594918BA1,2.375,2/12/2022,5500000,5678039,
MICROSOFT CORP,Technology,594918BP8,1.55,8/8/2021,3000000,3040837,
MICROSOFT CORP,Technology,594918BQ6,2,8/8/2023,5000000,5228349,
MICROSOFT CORP,Technology,594918BW3,2.4,2/6/2022,3000000,3098973,
MICROSOFT CORP,Technology,594918BX1,2.875,2/6/2024,2000000,2157622,
MICRON TECHNOLOGY INC,Technology,595112BR3,2.497,4/24/2023,2000000,2077540,
MID-AMERICA APARTMENTS,REITs,59523UAA5,4.3,10/15/2023,1000000,1096331,
MONDELEZ INTERNATIONAL,Consumer Non-Cyclical,609207AS4,2.125,4/13/2023,4000000,4144378,
MONDELEZ INTERNATIONAL,Consumer Non-Cyclical,609207AU9,1.5,5/4/2025,3000000,3061661,
MONONGAHELA POWER CO,Utilities,610202BN2,4.1,4/15/2024,1000000,1106030,
MOODY'S CORPORATION,Communications,615369AB1,4.5,9/1/2022,1500000,1608825,
MOODY'S CORPORATION,Communications,615369AK1,2.625,1/15/2023,1000000,1046371,
MOSAIC CO,Basic Industry,61945CAF0,3.25,11/15/2022,3000000,3067406,
MYLAN INC,Consumer Non-Cyclical,628530AV9,3.125,1/15/2023,4000000,4209256,
MYLAN INC,Consumer Non-Cyclical,628530BD8,4.2,11/29/2023,2000000,2186974,
NASDAQ INC,Non-Bank/Insurance Financials,631103AF5,4.25,6/1/2024,2000000,2215002,
NATIONAL OILWELL VARCO I,Energy,637071AJ0,2.6,12/1/2022,1000000,1004565,
NATIONAL RURAL UTIL COOP,Utilities,637432ND3,2.85,1/27/2025,2000000,2198337,
NATIONAL RURAL UTIL COOP,Utilities,63743HET5,1.75,1/21/2022,3000000,3062262,
NESTLE HOLDINGS INC,Consumer Non-Cyclical,641062AD6,3.35,9/24/2023,3000000,3254239,
NESTLE HOLDINGS INC,Consumer Non-Cyclical,641062AJ3,3.1,9/24/2021,5000000,5158160,
NEW YORK LIFE GLOBAL FDG,Insurance,64952WDP5,1.1,5/5/2023,2000000,2034148,
NEXTERA ENERGY CAPITAL,Utilities,65339KBF6,2.9,4/1/2022,5000000,5201824,
NEXTERA ENERGY CAPITAL,Utilities,65339KBQ2,2.75,5/1/2025,5000000,5435540,
NIKE INC,Consumer Cyclical,654106AH6,2.4,3/27/2025,2000000,2142478,
NISOURCE INC,Utilities,65473PAF2,3.65,6/15/2023,1000000,1077658,
NISOURCE INC,Utilities,65473QBH5,2.65,11/17/2022,2000000,2091416,
NORFOLK SOUTHERN CORP,Transportation,655844BL1,2.903,2/15/2023,2000000,2116153,
NORTHERN STATES PWR-MINN,Utilities,665772CK3,2.6,5/15/2023,1000000,1047930,
NORTHROP GRUMMAN CORP,Capital Goods,666807BM3,2.93,1/15/2025,4000000,4319851,
NORTHROP GRUMMAN CORP,Capital Goods,666807BQ4,2.55,10/15/2022,2000000,2085151,
NOVARTIS CAPITAL CORP,Consumer Non-Cyclical,66989HAG3,3.4,5/6/2024,2000000,2200142,
NOVARTIS CAPITAL CORP,Consumer Non-Cyclical,66989HAM0,2.4,5/17/2022,2000000,2077129,
NOVARTIS CAPITAL CORP,Consumer Non-Cyclical,66989HAP3,1.75,2/14/2025,3000000,3141097,
NUCOR CORP,Basic Industry,670346AR6,2,6/1/2025,2500000,2580784,
OMEGA HLTHCARE INVESTORS,REITs,681936BJ8,4.375,8/1/2023,1000000,1039562,
ONCOR ELECTRIC DELIVERY,Utilities,68233JBM5,2.75,6/1/2024,2000000,2158761,
ONEOK PARTNERS LP,Energy,68268NAJ2,3.375,10/1/2022,2000000,2060380,
ORACLE CORP,Technology,68389XBB0,2.5,5/15/2022,2000000,2066967,
ORACLE CORP,Technology,68389XBK0,1.9,9/15/2021,8000000,8133006,
ORACLE CORP,Technology,68389XBT1,2.5,4/1/2025,4000000,4275958,
OTIS WORLDWIDE CORP,Capital Goods,68902VAD9,2.056,4/5/2025,4000000,4166044,
OWL ROCK CAPITAL CORP,Non-Bank/Insurance Financials,69121KAA2,5.25,4/15/2024,1000000,1045010,
PNM RESOURCES INC,Utilities,69349HAC1,3.25,3/9/2021,1000000,1014989,
PPG INDUSTRIES INC,Basic Industry,693506BQ9,2.4,8/15/2024,1000000,1067292,
PSEG POWER LLC,Utilities,69362BBB7,3,6/15/2021,4000000,4092126,
PACCAR FINANCIAL CORP,Consumer Cyclical,69371RQ66,1.8,2/6/2025,2000000,2082082,
PACCAR FINANCIAL CORP,Consumer Cyclical,69371RQ74,2.65,4/6/2023,2500000,2645090,
PACKAGING CORP OF AMERIC,Basic Industry,695156AR0,3.65,9/15/2024,2500000,2725786,
PARKER-HANNIFIN CORP,Capital Goods,701094AM6,2.7,6/14/2024,4000000,4261937,
PAYPAL HOLDINGS INC,Technology,70450YAC7,2.4,10/1/2024,3000000,3184307,
PEACHTREE FUNDING TRUST,Insurance,70466WAA7,3.976,2/15/2025,1000000,1090140,
PEPSICO INC,Consumer Non-Cyclical,713448CM8,3.6,3/1/2024,4000000,4401901,
PEPSICO INC,Consumer Non-Cyclical,713448CT3,2.75,4/30/2025,2000000,2180822,
PFIZER INC,Consumer Non-Cyclical,717081DZ3,2.2,12/15/2021,3000000,3082820,
PFIZER INC,Consumer Non-Cyclical,717081EN9,3.2,9/15/2023,1000000,1082122,
PFIZER INC,Consumer Non-Cyclical,717081ES8,2.95,3/15/2024,4000000,4333736,
PHILIP MORRIS INTL INC,Consumer Non-Cyclical,718172BM0,3.25,11/10/2024,1500000,1656715,
PHILIP MORRIS INTL INC,Consumer Non-Cyclical,718172CQ0,1.125,5/1/2023,4500000,4565786,
PHILLIPS 66,Energy,718546AC8,4.3,4/1/2022,3000000,3195906,
PHILLIPS 66 PARTNERS LP,Energy,718549AG3,2.45,12/15/2024,2000000,2068453,
PRAXAIR INC,Basic Industry,74005PAY0,4.05,3/15/2021,3000000,3081415,
PRICOA GLOBAL FUNDING 1,Insurance,741531FA0,3.45,9/1/2023,7000000,7602730,
PRICOA GLOBAL FUNDING 1,Insurance,74153WCL1,2.4,9/23/2024,3000000,3182274,
PROCTER & GAMBLE CO/THE,Consumer Non-Cyclical,742718FF1,2.45,3/25/2025,3000000,3247232,
PROGRESS ENERGY INC,Utilities,743263AS4,3.15,4/1/2022,3000000,3112563,
PROGRESSIVE CORP,Insurance,743315AN3,3.75,8/23/2021,1000000,1039591,
PROLOGIS LP,REITs,74340XAW1,4.25,8/15/2023,5000000,5543866,
PRUDENTIAL FINANCIAL INC,Insurance,74432QBT1,4.5,11/16/2021,1000000,1053595,
PUBLIC SERVICE ELECTRIC,Utilities,74456QBP0,1.9,3/15/2021,1000000,1010559,
QUALCOMM INC,Technology,747525AE3,3,5/20/2022,4000000,4185734,
QUALCOMM INC,Technology,747525AR4,2.6,1/30/2023,3000000,3148243,
QUEST DIAGNOSTICS INC,Consumer Non-Cyclical,74834LAV2,4.25,4/1/2024,3000000,3331318,
RELX CAPITAL INC,Communications,74949LAB8,3.5,3/16/2023,1000000,1068202,
RAYTHEON COMPANY,Capital Goods,755111BT7,3.125,10/15/2020,1000000,1008143,
REALTY INCOME CORP,REITs,756109AP9,4.65,8/1/2023,2500000,2752008,
RELIANCE STEEL & ALUM,Basic Industry,759509AE2,4.5,4/15/2023,1000000,1073994,
REPUBLIC SERVICES INC,Capital Goods,760759AU4,2.5,8/15/2024,2500000,2659868,
REYNOLDS AMERICAN INC,Consumer Non-Cyclical,761713AY2,4.85,9/15/2023,2000000,2228799,
ROCHE HOLDINGS INC,Consumer Non-Cyclical,771196BE1,3.35,9/30/2024,4000000,4436683,
ROCKIES EXPRESS PIPELINE,Energy,77340RAS6,3.6,5/15/2025,1000000,934857,
ROPER TECHNOLOGIES INC,Capital Goods,776743AE6,3.65,9/15/2023,4000000,4354703,
RYDER SYSTEM INC,Transportation,78355HKH1,3.75,6/9/2023,2000000,2133247,
RYDER SYSTEM INC,Transportation,78355HKN8,2.5,9/1/2024,2000000,2059500,
SABINE PASS LIQUEFACTION,Energy,785592AH9,6.25,3/15/2022,6000000,6406521,
SALESFORCE.COM INC,Technology,79466LAE4,3.25,4/11/2023,2000000,2144451,
SCHLUMBERGER HLDGS CORP,Energy,806851AJ0,3.75,5/1/2024,2000000,2156843,
OFFICE PPTY INCOME TRST,REITs,81618TAD2,4.15,2/1/2022,1000000,994340,
SEMPRA ENERGY,Utilities,816851BD0,3.5,1/15/2021,3000000,3002570,3-month LIBOR +50bps
SEMPRA ENERGY,Utilities,816851BF5,2.9,2/1/2023,2000000,2088662,
SHERWIN-WILLIAMS CO,Basic Industry,824348AV8,3.125,6/1/2024,2000000,2154872,
SIMON PROPERTY GROUP LP,REITs,828807CR6,3.75,2/1/2024,5000000,5374691,
SIMON PROPERTY GROUP LP,REITs,828807CS4,3.375,10/1/2024,2000000,2142382,
JM SMUCKER CO,Consumer Non-Cyclical,832696AK4,3.5,3/15/2025,4000000,4457571,
SOUTHERN CAL EDISON,Utilities,842400FR9,3.875,6/1/2021,2000000,2043491,
SOUTHERN CO,Utilities,842587CU9,2.95,7/1/2023,5000000,5297844,
SOUTHERN POWER CO,Utilities,843646AT7,2.5,12/15/2021,3000000,3078417,
SOUTHWEST AIRLINES CO,Transportation,844741BH0,4.75,5/4/2023,2000000,2089155,
SPECTRA ENERGY PARTNERS,Energy,84756NAB5,4.6,6/15/2021,2000000,2059223,
SPECTRA ENERGY PARTNERS,Energy,84756NAD1,4.75,3/15/2024,3000000,3354816,
SPECTRA ENERGY PARTNERS,Energy,84756NAF6,3.5,3/15/2025,2500000,2730996,
STANLEY BLACK & DECKER I,Capital Goods,854502AC5,3.4,12/1/2021,1000000,1032585,
STARBUCKS CORP,Consumer Cyclical,855244AD1,3.85,10/1/2023,3500000,3829306,
STARBUCKS CORP,Consumer Cyclical,855244AY5,1.3,5/7/2022,3500000,3548916,
STEEL DYNAMICS INC,Basic Industry,858119BJ8,2.8,12/15/2024,1500000,1570998,
SUNOCO LOGISTICS PARTNER,Energy,86765BAR0,4.4,4/1/2021,1000000,1019791,
SYSCO CORPORATION,Consumer Non-Cyclical,871829BG1,3.55,3/15/2025,5000000,5403930,
TC PIPELINES LP,Energy,87233QAB4,4.375,3/13/2025,1000000,1072544,
TJX COS INC,Consumer Cyclical,872540AR0,3.5,4/15/2025,1500000,1672555,
TTX CO,Transportation,87305QCH2,3.6,1/15/2025,1500000,1656391,
TARGET CORP,Consumer Cyclical,87612EAZ9,2.9,1/15/2022,3000000,3117840,
TARGET CORP,Consumer Cyclical,87612EBL9,2.25,4/15/2025,4000000,4275205,
THERMO FISHER SCIENTIFIC,Consumer Non-Cyclical,883556BN1,3,4/15/2023,2000000,2118362,
THERMO FISHER SCIENTIFIC,Consumer Non-Cyclical,883556CF7,4.133,3/25/2025,2000000,2278272,
3M COMPANY,Capital Goods,88579YBM2,2.65,4/15/2025,4000000,4329945,
GLOBAL PAYMENTS INC,Technology,891906AE9,4,6/1/2023,2500000,2715308,
TOYOTA MOTOR CREDIT CORP,Consumer Cyclical,89233P7F7,2.625,1/10/2023,2000000,2094806,
TOYOTA MOTOR CREDIT CORP,Consumer Cyclical,89236TBJ3,2.75,5/17/2021,2000000,2041990,
TOYOTA MOTOR CREDIT CORP,Consumer Cyclical,89236TCZ6,1.9,4/8/2021,2000000,2023755,
TOYOTA MOTOR CREDIT CORP,Consumer Cyclical,89236TDP7,2.6,1/11/2022,4000000,4122245,
TOYOTA MOTOR CREDIT CORP,Consumer Cyclical,89236TFQ3,3.05,1/8/2021,2000000,2029547,
TOYOTA MOTOR CREDIT CORP,Consumer Cyclical,89236TGJ8,1.8,10/7/2021,3000000,3049587,
TOYOTA MOTOR CREDIT CORP,Consumer Cyclical,89236TGW9,2.9,3/30/2023,2000000,2121761,
TOYOTA MOTOR CREDIT CORP,Consumer Cyclical,89236TGZ2,1.15,5/26/2022,3000000,3031414,
TOYOTA MOTOR CREDIT CORP,Consumer Cyclical,89236THA6,1.35,8/25/2023,2000000,2034661,
TYSON FOODS INC,Consumer Non-Cyclical,902494AT0,4.5,6/15/2022,2000000,2126310,
UNILEVER CAPITAL CORP,Consumer Non-Cyclical,904764AM9,4.25,2/10/2021,2500000,2559955,
UNILEVER CAPITAL CORP,Consumer Non-Cyclical,904764BF3,3,3/7/2022,2500000,2607265,
UNILEVER CAPITAL CORP,Consumer Non-Cyclical,904764BG1,3.25,3/7/2024,3000000,3266048,
UNION PACIFIC CORP,Transportation,907818FA1,3.15,3/1/2024,3000000,3251493,
UNITED PARCEL SERVICE,Transportation,911312AM8,3.125,1/15/2021,2000000,2030914,
UNITED PARCEL SERVICE,Transportation,911312AQ9,2.45,10/1/2022,2000000,2086414,
UNITED PARCEL SERVICE,Transportation,911312BK1,2.5,4/1/2023,3000000,3156217,
UNITEDHEALTH GROUP INC,Insurance,91324PCH3,2.875,12/15/2021,6000000,6211044,
UNITEDHEALTH GROUP INC,Insurance,91324PCN0,3.35,7/15/2022,6500000,6874112,
UNITEDHEALTH GROUP INC,Insurance,91324PDJ8,3.5,6/15/2023,3000000,3257123,
UNUM GROUP,Insurance,91529YAQ9,4.5,3/15/2025,1500000,1610968,
VF CORP,Consumer Cyclical,918204AZ1,2.05,4/23/2022,1500000,1536625,
VALERO ENERGY CORP,Energy,91913YAX8,2.7,4/15/2023,3000000,3120360,
VALERO ENERGY CORP,Energy,91913YAY6,2.85,4/15/2025,3000000,3178164,
VENTAS REALTY LP,REITs,92277GAE7,3.5,2/1/2025,2000000,2092245,
VENTAS REALTY LP,REITs,92277GAH0,3.125,6/15/2023,1500000,1543520,
VERIZON COMMUNICATIONS,Communications,92343VBJ2,2.45,11/1/2022,2000000,2081611,
VERIZON COMMUNICATIONS,Communications,92343VBR4,5.15,9/15/2023,3000000,3422271,
VERIZON COMMUNICATIONS,Communications,92343VBY9,4.15,3/15/2024,3000000,3343907,
VERIZON COMMUNICATIONS,Communications,92343VDQ4,2.946,3/15/2022,12000000,12516750,
VERIZON COMMUNICATIONS,Communications,92343VEN0,3.376,2/15/2025,5000000,5554690,
VIACOMCBS INC,Communications,92556HAA5,4.75,5/15/2025,3000000,3421389,
VIRGINIA ELEC & POWER CO,Utilities,927804FS8,3.1,5/15/2025,3000000,3290175,
VISA INC,Consumer Cyclical,92826CAC6,2.8,12/14/2022,5000000,5277412,
VMWARE INC,Technology,928563AB1,2.95,8/21/2022,2000000,2090795,
VMWARE INC,Technology,928563AD7,4.5,5/15/2025,2000000,2250217,
VOLKSWAGEN GROUP AMERICA,Consumer Cyclical,928668AP7,4,11/12/2021,5000000,5206575,
VOLKSWAGEN GROUP AMERICA,Consumer Cyclical,928668AR3,4.25,11/13/2023,4000000,4387027,
VOLKSWAGEN GROUP AMERICA,Consumer Cyclical,928668BC5,2.9,5/13/2022,6000000,6195403,
VOLKSWAGEN GROUP AMERICA,Consumer Cyclical,928668BD3,3.125,5/12/2023,3500000,3680400,
VOLKSWAGEN GROUP AMERICA,Consumer Cyclical,928668BE1,3.35,5/13/2025,3000000,3227778,
WEC ENERGY GROUP INC,Utilities,92939UAA4,3.375,6/15/2021,2500000,2571973,
WALMART INC,Consumer Cyclical,931142DU4,2.35,12/15/2022,2000000,2093596,
WALMART INC,Consumer Cyclical,931142DV2,2.65,12/15/2024,2500000,2706281,
WALMART INC,Consumer Cyclical,931142EK5,3.4,6/26/2023,5500000,5955360,
WALGREENS BOOTS ALLIANCE,Consumer Cyclical,931427AF5,3.3,11/18/2021,5000000,5151637,
WASTE MANAGEMENT INC,Capital Goods,941063AQ2,4.6,3/1/2021,3000000,3054387,
WASTE MANAGEMENT INC,Capital Goods,94106LBF5,2.95,6/15/2024,3000000,3151848,
ANTHEM INC,Insurance,94973VAX5,3.125,5/15/2022,2000000,2094403,
ANTHEM INC,Insurance,94973VBJ5,3.5,8/15/2024,5000000,5490703,
WELLTOWER INC,REITs,95040QAE4,3.95,9/1/2023,2000000,2152344,
WESTERN MIDSTREAM OPERAT,Energy,958254AB0,4,7/1/2022,2000000,1979801,
WESTERN MIDSTREAM OPERAT,Energy,958667AB3,3.1,2/1/2025,3500000,3361735,
WESTERN UNION CO/THE,Consumer Cyclical,959802AY5,2.85,1/10/2025,2000000,2080663,
WESTINGHOUSE AIR BRAKE,Capital Goods,960386AN0,4.4,3/15/2024,2000000,2113364,
WILLIAMS COMPANIES INC,Energy,969457BW9,4.55,6/24/2024,3000000,3335373,
WILLIAMS COMPANIES INC,Energy,96949LAA3,3.6,3/15/2022,2000000,2082770,
WILLIS NORTH AMERICA INC,Insurance,970648AF8,3.6,5/15/2024,1000000,1084106,
WISCONSIN PUBLIC SERVICE,Utilities,976843BL5,3.35,11/21/2021,3000000,3125010,
XCEL ENERGY INC,Utilities,98389BAR1,3.3,6/1/2025,2500000,2756143,
ZF NA CAPITAL,Consumer Cyclical,98877DAC9,4.75,4/29/2025,3000000,2977131,
ZIMMER BIOMET HOLDINGS,Consumer Non-Cyclical,98956PAL6,3.15,4/1/2022,2000000,2075971,
,,,,,,,
,,,,,,,
,,,,,,,
,,,,,,,
